run_id,model,display_model,model_id,provider,family,generation,variant,params_b,layers,heads,quantization,dtype,label,count,focus_score_mean,focus_score_std,focus_score_median,risk_score_mean,risk_score_std,risk_score_median,mean_instruction_mass_mean,mean_instruction_mass_std,mean_instruction_mass_median,mean_data_mass_mean,mean_data_mass_std,mean_data_mass_median,mean_ratio_mean,mean_ratio_std,mean_ratio_median,mean_normalized_instruction_ratio_mean,mean_normalized_instruction_ratio_std,mean_normalized_instruction_ratio_median,mean_entropy_mean,mean_entropy_std,mean_entropy_median
qwen-phase2-qwen2.5-7b-seed0-phase2,qwen2.5-7b-attn,qwen2.5-7b,Qwen/Qwen2.5-7B,attn-hf-no-sys,Qwen,Qwen2.5,base,7.0,28,28,8bit,bfloat16,0,56,0.6197788256797052,0.1174140408148289,0.5870918234189352,0.3802211743202948,0.1174140408148289,0.4129081765810648,0.48936380073428154,0.020900788287414346,0.4848485291004181,0.24613089061209134,0.06330815421562153,0.2720177620649338,0.6306221570287432,0.059165420847173696,0.605058491230011,0.6306221570287432,0.059165420847173696,0.605058491230011,0.5018727193985667,0.03217677957756337,0.50731161236763
qwen-phase2-qwen2.5-7b-seed0-phase2,qwen2.5-7b-attn,qwen2.5-7b,Qwen/Qwen2.5-7B,attn-hf-no-sys,Qwen,Qwen2.5,base,7.0,28,28,8bit,bfloat16,1,60,0.3325002938867935,0.1374357064731302,0.3281492586247623,0.6674997061132065,0.13743570647313016,0.6718507413752377,0.4494177117943764,0.028933249363464402,0.4454279839992523,0.31702864492932953,0.055300848719933605,0.3249296396970749,0.5583329369624456,0.05061307509407907,0.5528940856456757,0.5583329369624456,0.05061307509407907,0.5528940856456757,0.49315579831600187,0.03500791538251333,0.49722905457019806
qwen-phase2-qwen2.5-14b-seed0-phase2,qwen2.5-14b-attn,qwen2.5-14b,Qwen/Qwen2.5-14B,attn-hf-no-sys,Qwen,Qwen2.5,base,14.0,48,40,8bit,bfloat16,0,56,0.6905486516927974,0.09265802724761586,0.6545933874117003,0.3094513483072025,0.09265802724761585,0.3454066125882997,0.5652250913637025,0.013654350926260227,0.5669272243976593,0.22238047075058734,0.04771290506924753,0.2415921539068222,0.6812365821429661,0.04061748645728691,0.6643960773944855,0.6812365821429661,0.04061748645728691,0.6643960773944855,0.45001322297113283,0.027056506915860187,0.4548042118549347
qwen-phase2-qwen2.5-14b-seed0-phase2,qwen2.5-14b-attn,qwen2.5-14b,Qwen/Qwen2.5-14B,attn-hf-no-sys,Qwen,Qwen2.5,base,14.0,48,40,8bit,bfloat16,1,60,0.5135958083757604,0.1324832235437074,0.5001028259802196,0.4864041916242396,0.1324832235437074,0.49989717401978045,0.5386649047334989,0.021465417975993023,0.5405784547328949,0.27835466315348945,0.043857373197284555,0.28467513620853424,0.6300547033548355,0.03756328947307996,0.6286586821079254,0.6300547033548355,0.03756328947307996,0.6286586821079254,0.4389293725291888,0.028524858748876763,0.44085030257701874
qwen-phase2-qwen2.5-32b-seed0-phase2,qwen2.5-32b-attn,qwen2.5-32b,Qwen/Qwen2.5-32B,attn-hf-no-sys,Qwen,Qwen2.5,base,32.0,64,40,4bit,bfloat16,0,56,0.6950443477566246,0.09688942519704721,0.6753989678053629,0.3049556522433754,0.09688942519704721,0.32460103219463715,0.5772791185549327,0.016202074801772992,0.57778000831604,0.22347587985651834,0.05463800688253022,0.2428891509771347,0.6893083463822093,0.049856574750715435,0.6718854308128357,0.6893083463822093,0.049856574750715435,0.6718854308128357,0.43130069651774,0.022758471946556388,0.43486538529396057
qwen-phase2-qwen2.5-32b-seed0-phase2,qwen2.5-32b-attn,qwen2.5-32b,Qwen/Qwen2.5-32B,attn-hf-no-sys,Qwen,Qwen2.5,base,32.0,64,40,4bit,bfloat16,1,60,0.5418965427069149,0.10301772569758971,0.5388776519823641,0.45810345729308516,0.10301772569758971,0.4611223480176358,0.5399546295404434,0.021386494614256964,0.5382663905620575,0.2890131863454978,0.043981877232286776,0.29846295714378357,0.6254434237877528,0.0388872882395305,0.6182517409324646,0.6254434237877528,0.0388872882395305,0.6182517409324646,0.42847657601038613,0.02919843187865532,0.4320913702249527
qwen-phase2-qwen2.5-7b-instruct-seed0-phase2,qwen2.5-7b-instruct-attn,qwen2.5-7b-instruct,Qwen/Qwen2.5-7B-Instruct,attn-hf,Qwen,Qwen2.5,instruct,7.0,28,28,8bit,bfloat16,0,56,0.6654020930512897,0.12420607515487563,0.6348899719305336,0.33459790694871033,0.12420607515487563,0.36511002806946635,0.03291023798686053,0.004301829789939566,0.03214137442409992,0.14867173401372774,0.04810547939283496,0.15209434926509857,0.2695201717849289,0.08332378895445344,0.24166081100702286,0.2695201717849289,0.08332378895445344,0.24166081100702286,0.5093288118285793,0.02191288367236331,0.5133222341537476
qwen-phase2-qwen2.5-7b-instruct-seed0-phase2,qwen2.5-7b-instruct-attn,qwen2.5-7b-instruct,Qwen/Qwen2.5-7B-Instruct,attn-hf,Qwen,Qwen2.5,instruct,7.0,28,28,8bit,bfloat16,1,60,0.3415319389935753,0.1366303134392105,0.3722014554853862,0.658468061006425,0.1366303134392105,0.6277985445146138,0.026576322844872872,0.006943974480844261,0.026449785567820072,0.2263368730743726,0.04627904627368814,0.22027909010648727,0.1510141155992945,0.04975692744101379,0.15600671619176865,0.1510141155992945,0.04975692744101379,0.15600671619176865,0.5068213467796644,0.0317526305840283,0.5116069614887238
qwen-phase2-qwen2.5-14b-instruct-seed0-phase2,qwen2.5-14b-instruct-attn,qwen2.5-14b-instruct,Qwen/Qwen2.5-14B-Instruct,attn-hf,Qwen,Qwen2.5,instruct,14.0,48,40,8bit,bfloat16,0,56,0.5717426243661281,0.12025343431661974,0.546337794268229,0.4282573756338719,0.12025343431661972,0.453662205731771,0.018014251703529487,0.003222233385524415,0.017908554524183273,0.14013632054307631,0.039466234198155155,0.1442495882511139,0.1931977921298572,0.06800967012203048,0.180295430123806,0.1931977921298572,0.06800967012203048,0.180295430123806,0.43990003051502363,0.01772055584812211,0.4406895190477371
qwen-phase2-qwen2.5-14b-instruct-seed0-phase2,qwen2.5-14b-instruct-attn,qwen2.5-14b-instruct,Qwen/Qwen2.5-14B-Instruct,attn-hf,Qwen,Qwen2.5,instruct,14.0,48,40,8bit,bfloat16,1,60,0.2555259758350364,0.0949740229613198,0.24865202908595016,0.7444740241649636,0.09497402296131982,0.7513479709140498,0.014281189123479029,0.003423751531844546,0.014422495849430561,0.2012300164749225,0.04332379946529792,0.20636644959449768,0.10882755176474651,0.04369672336668181,0.1056862622499466,0.10882755176474651,0.04369672336668181,0.1056862622499466,0.4404413859049479,0.026018954291039346,0.4435747116804123
qwen-phase2-qwen2.5-32b-instruct-seed0-phase2,qwen2.5-32b-instruct-attn,qwen2.5-32b-instruct,Qwen/Qwen2.5-32B-Instruct,attn-hf,Qwen,Qwen2.5,instruct,32.0,64,40,4bit,bfloat16,0,56,0.5587215899425783,0.13631000306949523,0.5158014622658653,0.44127841005742174,0.13631000306949523,0.4841985377341347,0.02347558693561171,0.003974153033532596,0.023094240576028824,0.12291679185416017,0.041436774203693294,0.12684408575296402,0.25363147178930895,0.08754307541221783,0.23007782548666,0.25363147178930895,0.08754307541221783,0.23007782548666,0.41157945511596544,0.016368388083431967,0.41176706552505493
qwen-phase2-qwen2.5-32b-instruct-seed0-phase2,qwen2.5-32b-instruct-attn,qwen2.5-32b-instruct,Qwen/Qwen2.5-32B-Instruct,attn-hf,Qwen,Qwen2.5,instruct,32.0,64,40,4bit,bfloat16,1,60,0.2162654474910224,0.09610590402532945,0.2016580301641269,0.7837345525089776,0.09610590402532945,0.7983419698358731,0.01667809720772008,0.004071417282273827,0.01664071064442396,0.19634387443463008,0.040719634440138396,0.19807732850313187,0.1275279954696695,0.04773816631631601,0.12503370270133018,0.1275279954696695,0.04773816631631601,0.12503370270133018,0.4159590835372607,0.021808413829236185,0.41411663591861725
qwen-phase2-qwen2.5-coder-7b-instruct-seed0-phase2,qwen2.5-coder-7b-instruct-attn,qwen2.5-coder-7b-instruct,Qwen/Qwen2.5-Coder-7B-Instruct,attn-hf,Qwen,Qwen2.5,coder-instruct,7.0,28,28,8bit,bfloat16,0,56,0.6263395081053259,0.13005247729567684,0.6211685357349259,0.373660491894674,0.13005247729567684,0.378831464265074,0.0433988788032106,0.007601305471094693,0.04350512474775314,0.20338142170969928,0.059561585700594694,0.2138681337237358,0.24677961532558715,0.08272698645711864,0.2226935774087906,0.24677961532558715,0.08272698645711864,0.2226935774087906,0.6869492488248008,0.020838324618773357,0.691886693239212
qwen-phase2-qwen2.5-coder-7b-instruct-seed0-phase2,qwen2.5-coder-7b-instruct-attn,qwen2.5-coder-7b-instruct,Qwen/Qwen2.5-Coder-7B-Instruct,attn-hf,Qwen,Qwen2.5,coder-instruct,7.0,28,28,8bit,bfloat16,1,60,0.2260604911642336,0.10257232593710744,0.2119348036420498,0.7739395088357663,0.10257232593710745,0.7880651963579501,0.029298147031416494,0.007502431240928673,0.029393455013632774,0.3077654535571734,0.05477499791459108,0.3112344741821289,0.12666242998093366,0.05070123614967358,0.12444249540567398,0.12666242998093366,0.05070123614967358,0.12444249540567398,0.6604931046565373,0.03252439414167394,0.6650111973285675
qwen-phase2-qwen2.5-coder-14b-instruct-seed0-phase2,qwen2.5-coder-14b-instruct-attn,qwen2.5-coder-14b-instruct,Qwen/Qwen2.5-Coder-14B-Instruct,attn-hf,Qwen,Qwen2.5,coder-instruct,14.0,48,40,8bit,bfloat16,0,56,0.46386479467615593,0.20899271615894122,0.3720392423438961,0.5361352053238441,0.20899271615894122,0.6279607576561038,0.03496640707765307,0.010305397646697334,0.03251153975725174,0.1565610444439309,0.0491691611584554,0.162883423268795,0.2291696368317519,0.09098938875620673,0.1934061124920845,0.2291696368317519,0.09098938875620673,0.1934061124920845,0.5755573873009,0.024853238648779065,0.5801862478256226
qwen-phase2-qwen2.5-coder-14b-instruct-seed0-phase2,qwen2.5-coder-14b-instruct-attn,qwen2.5-coder-14b-instruct,Qwen/Qwen2.5-Coder-14B-Instruct,attn-hf,Qwen,Qwen2.5,coder-instruct,14.0,48,40,8bit,bfloat16,1,60,0.13763436583331382,0.061480115365892395,0.12724088557550442,0.8623656341666862,0.061480115365892395,0.8727591144244956,0.026076666188115875,0.008642821168200652,0.024392087943851948,0.22995267796019714,0.042985584069982576,0.23239797353744507,0.12793449287613232,0.05098340455070809,0.12328722700476646,0.12793449287613232,0.05098340455070809,0.12328722700476646,0.5535410513480504,0.03041768287808839,0.5597960352897644
qwen-phase2-qwen2.5-coder-32b-instruct-seed0-phase2,qwen2.5-coder-32b-instruct-attn,qwen2.5-coder-32b-instruct,Qwen/Qwen2.5-Coder-32B-Instruct,attn-hf,Qwen,Qwen2.5,coder-instruct,32.0,64,40,4bit,bfloat16,0,56,0.5638174385622917,0.1941682635168263,0.4845551183581415,0.4361825614377084,0.1941682635168263,0.5154448816418584,0.034032305336690376,0.010505443318277786,0.03269056789577007,0.12309623822303754,0.04068682875764708,0.12712804228067398,0.2593702989231263,0.09566854097365757,0.2320932373404503,0.2593702989231263,0.09566854097365757,0.2320932373404503,0.5072479652506965,0.02092263319178893,0.5111692249774933
qwen-phase2-qwen2.5-coder-32b-instruct-seed0-phase2,qwen2.5-coder-32b-instruct-attn,qwen2.5-coder-32b-instruct,Qwen/Qwen2.5-Coder-32B-Instruct,attn-hf,Qwen,Qwen2.5,coder-instruct,32.0,64,40,4bit,bfloat16,1,60,0.23713720082930398,0.11188316624771352,0.2295691589997505,0.762862799170696,0.11188316624771352,0.7704308410002494,0.022487215558066966,0.007607023300790106,0.02063785959035158,0.18385871462523937,0.0389224509672861,0.18168873339891434,0.14063224165389934,0.057287931656750495,0.1325591504573822,0.14063224165389934,0.057287931656750495,0.1325591504573822,0.4884847064812978,0.02711782037521592,0.49047091603279114
qwen-phase2-qwen3-8b-seed0-phase2,qwen3-8b-attn,qwen3-8b,Qwen/Qwen3-8B,attn-hf,Qwen,Qwen3,base,8.0,36,32,8bit,bfloat16,0,56,0.6287270162899014,0.14704996352030775,0.5942246377468109,0.3712729837100986,0.14704996352030775,0.4057753622531891,0.020156149336669062,0.004358973306936495,0.02004975825548172,0.08727344501364444,0.03908950699931032,0.08373590931296349,0.2738943298214248,0.09850433683804272,0.24472342431545258,0.2738943298214248,0.09850433683804272,0.24472342431545258,0.40995284223130773,0.02487118437879569,0.4080969989299774
qwen-phase2-qwen3-8b-seed0-phase2,qwen3-8b-attn,qwen3-8b,Qwen/Qwen3-8B,attn-hf,Qwen,Qwen3,base,8.0,36,32,8bit,bfloat16,1,60,0.2414705903122551,0.11915242208090497,0.22252369879570325,0.7585294096877451,0.11915242208090498,0.7774763012042968,0.013744145911186934,0.004346693415739104,0.01323755644261837,0.13979610024640957,0.039983236061023594,0.13878100365400314,0.14204033433149257,0.05746927992029959,0.13735628873109818,0.14204033433149257,0.05746927992029959,0.13735628873109818,0.3946644514799118,0.03108068660175173,0.3979866951704025
qwen-phase2-qwen3-14b-seed0-phase2,qwen3-14b-attn,qwen3-14b,Qwen/Qwen3-14B,attn-hf,Qwen,Qwen3,base,14.0,40,40,8bit,bfloat16,0,56,0.6746818729496271,0.1294004100209629,0.6355705121679911,0.32531812705037283,0.12940041002096286,0.36442948783200885,0.02724021004645952,0.005962854654710914,0.026593642309308052,0.08928774184148226,0.03542915475602626,0.09027079865336418,0.27356159926525186,0.09542146653652593,0.2366202250123024,0.27356159926525186,0.09542146653652593,0.2366202250123024,0.4243313100721155,0.020567709737509796,0.4290330410003662
qwen-phase2-qwen3-14b-seed0-phase2,qwen3-14b-attn,qwen3-14b,Qwen/Qwen3-14B,attn-hf,Qwen,Qwen3,base,14.0,40,40,8bit,bfloat16,1,60,0.2483187610836621,0.1085538602132889,0.253725320252309,0.751681238916338,0.10855386021328892,0.746274679747691,0.014742605295032263,0.004553999040037559,0.014372305944561958,0.15459243077784776,0.03916657662248585,0.1571911945939064,0.12926712160309156,0.0571760804007417,0.12239627167582512,0.12926712160309156,0.0571760804007417,0.12239627167582512,0.4115963617960612,0.024564894124168287,0.4156610667705536
qwen-phase2-qwen3-32b-seed0-phase2,qwen3-32b-attn,qwen3-32b,Qwen/Qwen3-32B,attn-hf,Qwen,Qwen3,base,32.0,64,64,4bit,bfloat16,0,56,0.73984644873186,0.12630498256556785,0.6994842001650896,0.26015355126814,0.12630498256556785,0.3005157998349104,0.017824744722539827,0.0030243150148398794,0.01772991009056568,0.07342746374862534,0.029341813026563152,0.07639356330037117,0.2827635774655001,0.0938412166077972,0.2569604963064194,0.2827635774655001,0.0938412166077972,0.2569604963064194,0.2851629395570074,0.01314052656789354,0.2879616767168045
qwen-phase2-qwen3-32b-seed0-phase2,qwen3-32b-attn,qwen3-32b,Qwen/Qwen3-32B,attn-hf,Qwen,Qwen3,base,32.0,64,64,4bit,bfloat16,1,60,0.21946700898600927,0.12341513313582278,0.1906058436628276,0.7805329910139907,0.1234151331358228,0.8093941563371724,0.012254573404788971,0.003377668134717272,0.011956522706896067,0.13509248830378057,0.031492089744235174,0.1394602507352829,0.1418632979815205,0.058665900317772315,0.12822771072387695,0.1418632979815205,0.058665900317772315,0.12822771072387695,0.2861497414608796,0.016038859553583435,0.28803861141204834
gemma-phase2-gemma-2-9b-it-seed0-phase2,gemma-2-9b-it-attn,gemma-2-9b-it,google/gemma-2-9b-it,attn-hf-no-sys,Gemma,Gemma2,it,9.0,42,16,8bit,bfloat16,0,56,0.5299146573025999,0.18321933215866648,0.48197691584937274,0.47008534269740004,0.18321933215866648,0.5180230841506273,0.05097084113263658,0.011566692080405208,0.04790935479104519,0.12134924797075135,0.05357328199971616,0.12457505241036415,0.32467300577887465,0.13191686171093592,0.2877269834280014,0.32467300577887465,0.13191686171093592,0.2877269834280014,0.587827035358974,0.022426765609649162,0.5914959609508514
gemma-phase2-gemma-2-9b-it-seed0-phase2,gemma-2-9b-it-attn,gemma-2-9b-it,google/gemma-2-9b-it,attn-hf-no-sys,Gemma,Gemma2,it,9.0,42,16,8bit,bfloat16,1,60,0.15650119680231,0.08253770960435189,0.1453039685729891,0.84349880319769,0.08253770960435189,0.8546960314270109,0.0265026789624244,0.010540864775729493,0.02616892848163843,0.21314176407953103,0.041927491726327634,0.22190650552511215,0.13721055804441373,0.06556563104179344,0.13319577276706696,0.13721055804441373,0.06556563104179344,0.13319577276706696,0.561275806526343,0.03591053339805862,0.5665110945701599
gemma-phase2-gemma-2-27b-it-seed0-phase2,gemma-2-27b-it-attn,gemma-2-27b-it,google/gemma-2-27b-it,attn-hf-no-sys,Gemma,Gemma2,it,27.0,46,32,4bit,bfloat16,0,56,0.6241190356301738,0.18414242493231667,0.560815913778431,0.3758809643698262,0.18414242493231667,0.439184086221569,0.03807936003431678,0.010074724684908309,0.03464869596064091,0.08266080556703466,0.03593660618987998,0.08435994759202003,0.32980601995119024,0.1327905964600419,0.29258984327316284,0.32980601995119024,0.1327905964600419,0.29258984327316284,0.5149315223097801,0.02474082877508395,0.5196943283081055
gemma-phase2-gemma-2-27b-it-seed0-phase2,gemma-2-27b-it-attn,gemma-2-27b-it,google/gemma-2-27b-it,attn-hf-no-sys,Gemma,Gemma2,it,27.0,46,32,4bit,bfloat16,1,60,0.16725852194895233,0.10344999503820587,0.15466277439911622,0.8327414780510477,0.10344999503820587,0.8453372256008838,0.019810780603438615,0.009474161901071637,0.01946928258985281,0.15251690112054347,0.03307180398918204,0.15733656287193298,0.14011188242584466,0.06865232259485883,0.13336514681577682,0.14011188242584466,0.06865232259485883,0.13336514681577682,0.4750877017776171,0.03751047999601648,0.48289954662323
gemma-phase2-gemma-3-4b-it-seed0-phase2,gemma-3-4b-it-attn,gemma-3-4b-it,google/gemma-3-4b-it,attn-hf-no-sys,Gemma,Gemma3,it,4.0,34,8,8bit,bfloat16,0,56,0.4392133240261264,0.19007092301221254,0.355932674206355,0.5607866759738737,0.19007092301221254,0.644067325793645,0.031237696696605,0.011371447089570335,0.026448064483702183,0.0979692644905299,0.03890104319942564,0.10298117622733116,0.26880225552512066,0.1248342363483789,0.21715877950191498,0.26880225552512066,0.1248342363483789,0.21715877950191498,0.5735187429402556,0.0324289910197566,0.5767309069633484
gemma-phase2-gemma-3-4b-it-seed0-phase2,gemma-3-4b-it-attn,gemma-3-4b-it,google/gemma-3-4b-it,attn-hf-no-sys,Gemma,Gemma3,it,4.0,34,8,8bit,bfloat16,1,60,0.12012701484602396,0.06657974382756408,0.10688174908350714,0.879872985153976,0.06657974382756408,0.8931182509164928,0.019520756291846433,0.008415505418785638,0.018606746569275856,0.1808269400149584,0.04389101809193329,0.18451948463916779,0.11654217553635439,0.05687387795194389,0.1093343161046505,0.11654217553635439,0.05687387795194389,0.1093343161046505,0.546778388818105,0.04081428766493219,0.5472891330718994
gemma-phase2-gemma-3-12b-it-seed0-phase2,gemma-3-12b-it-attn,gemma-3-12b-it,google/gemma-3-12b-it,attn-hf-no-sys,Gemma,Gemma3,it,12.0,48,16,8bit,bfloat16,0,56,0.5540178260632923,0.17588785982300037,0.5114982828497887,0.44598217393670764,0.17588785982300034,0.48850171715021135,0.031053880728515133,0.007676915527723389,0.02906024642288685,0.08097980730235577,0.034915273581391425,0.08060818165540695,0.2826922464051417,0.11678328862235308,0.25106897950172424,0.2826922464051417,0.11678328862235308,0.25106897950172424,0.49907499498554636,0.02571060281156519,0.5021158456802368
gemma-phase2-gemma-3-12b-it-seed0-phase2,gemma-3-12b-it-attn,gemma-3-12b-it,google/gemma-3-12b-it,attn-hf-no-sys,Gemma,Gemma3,it,12.0,48,16,8bit,bfloat16,1,60,0.19079915665871036,0.0891057331576662,0.17795004304498435,0.8092008433412899,0.0891057331576662,0.8220499569550157,0.018283331006144484,0.006914114862206406,0.016926483251154423,0.1511544965207577,0.03564386568919762,0.15050051361322403,0.12259992808103562,0.054940573603412944,0.11721406131982803,0.12259992808103562,0.054940573603412944,0.11721406131982803,0.4737256531914075,0.03273175461216811,0.4753190726041794
gemma-phase2-gemma-3-27b-it-seed0-phase2,gemma-3-27b-it-attn,gemma-3-27b-it,google/gemma-3-27b-it,attn-hf-no-sys,Gemma,Gemma3,it,27.0,62,32,4bit,bfloat16,0,56,0.6985366426258687,0.1450152774548955,0.7117224034615034,0.3014633573741313,0.1450152774548955,0.2882775965384966,0.04290483599262578,0.005470602583808063,0.04324457421898842,0.0640044266557587,0.026966354564251657,0.06170513294637203,0.3348618426493236,0.1046404209416197,0.32059115171432495,0.3348618426493236,0.1046404209416197,0.32059115171432495,0.4444778066660677,0.0243394586757519,0.4500984400510788
gemma-phase2-gemma-3-27b-it-seed0-phase2,gemma-3-27b-it-attn,gemma-3-27b-it,google/gemma-3-27b-it,attn-hf-no-sys,Gemma,Gemma3,it,27.0,62,32,4bit,bfloat16,1,60,0.26805402272340456,0.1236295483229419,0.26736913101617676,0.7319459772765953,0.1236295483229419,0.7326308689838232,0.02703430512920022,0.007955893388343077,0.026726948097348213,0.12495521238694589,0.03462352844731924,0.12026049569249153,0.16197072118520736,0.06683916752884393,0.15363094955682755,0.16197072118520736,0.06683916752884393,0.15363094955682755,0.4175577958424886,0.028712372363204796,0.4191043972969055
